{"packages/cupertino_icons/assets/CupertinoIcons.ttf":["packages/cupertino_icons/assets/CupertinoIcons.ttf"],"assets/fonts/Dessert.ttf":["assets/fonts/Dessert.ttf"],"assets/img/background1.png":["assets/img/background1.png"],"assets/img/chopsticks.png":["assets/img/chopsticks.png"],"assets/img/dumplings.png":["assets/img/dumplings.png"],"assets/img/egg_nigiri.png":["assets/img/egg_nigiri.png"],"assets/img/logo.png":["assets/img/logo.png"],"assets/img/maki_roll.png":["assets/img/maki_roll.png"],"assets/img/pudding.png":["assets/img/pudding.png"],"assets/img/salmon_nigiri.png":["assets/img/salmon_nigiri.png"],"assets/img/sashimi.png":["assets/img/sashimi.png"],"assets/img/squid_nigiri.png":["assets/img/squid_nigiri.png"],"assets/img/tempura.png":["assets/img/tempura.png"],"assets/img/wasabi.png":["assets/img/wasabi.png"]}